day,high,low,open,close,volume
2016-03-28,25.790000915527344,25.270000457763672,25.479999542236328,25.479999542236328,453600.0
2016-03-29,25.700000762939453,25.399999618530273,25.549999237060547,25.579999923706055,440300.0
2016-03-30,25.65999984741211,25.450000762939453,25.59000015258789,25.510000228881836,194000.0
2016-03-31,25.722000122070312,25.5,25.5,25.690000534057617,145800.0
2016-04-01,25.729999542236328,25.538999557495117,25.700000762939453,25.6299991607666,111900.0
2016-04-04,25.610000610351562,25.350000381469727,25.549999237060547,25.399999618530273,119000.0
2016-04-05,25.4689998626709,25.079999923706055,25.350000381469727,25.3700008392334,158100.0
2016-04-06,25.549999237060547,25.389999389648438,25.389999389648438,25.420000076293945,171800.0
2016-04-07,25.530000686645508,25.260000228881836,25.5,25.360000610351562,100200.0
2016-04-08,25.549999237060547,25.3700008392334,25.489999771118164,25.389999389648438,145400.0
2016-04-11,25.489999771118164,25.420000076293945,25.420000076293945,25.420000076293945,97800.0
2016-04-12,25.489999771118164,25.3799991607666,25.3799991607666,25.440000534057617,192700.0
2016-04-13,25.479999542236328,25.40399932861328,25.479999542236328,25.420000076293945,169300.0
2016-04-14,25.540000915527344,25.43000030517578,25.479999542236328,25.5,195300.0
2016-04-15,25.549999237060547,25.450000762939453,25.549999237060547,25.479999542236328,76100.0
2016-04-18,25.639999389648438,25.3799991607666,25.520000457763672,25.530000686645508,372700.0
2016-04-19,25.649999618530273,25.5,25.59000015258789,25.549999237060547,219000.0
2016-04-20,25.739999771118164,25.551000595092773,25.670000076293945,25.709999084472656,77900.0
2016-04-21,25.75,25.6299991607666,25.739999771118164,25.65999984741211,60400.0
2016-04-22,25.75,25.639999389648438,25.639999389648438,25.700000762939453,87200.0
2016-04-25,25.75,25.5,25.700000762939453,25.739999771118164,94800.0
2016-04-26,25.75,25.582000732421875,25.75,25.670000076293945,106200.0
2016-04-27,25.899999618530273,25.579999923706055,25.739999771118164,25.84000015258789,176100.0
2016-04-28,25.950000762939453,25.700000762939453,25.75,25.940000534057617,128200.0
2016-04-29,26.389999389648438,25.875,26.0,26.329999923706055,233800.0
2016-05-02,26.347999572753906,25.93000030517578,26.200000762939453,26.020000457763672,84200.0
2016-05-03,26.0,25.799999237060547,26.0,25.950000762939453,147800.0
2016-05-04,26.200000762939453,25.899999618530273,26.0,26.010000228881836,142300.0
2016-05-05,26.200000762939453,26.0,26.100000381469727,26.079999923706055,662500.0
2016-05-06,26.299999237060547,25.950000762939453,26.299999237060547,26.170000076293945,166000.0
2016-05-09,26.239999771118164,26.049999237060547,26.239999771118164,26.09000015258789,55000.0
2016-05-10,26.239999771118164,26.059999465942383,26.200000762939453,26.170000076293945,70000.0
2016-05-11,26.200000762939453,26.06999969482422,26.200000762939453,26.1299991607666,82800.0
2016-05-12,26.299999237060547,26.100000381469727,26.299999237060547,26.139999389648438,190100.0
2016-05-13,26.25,26.1200008392334,26.18000030517578,26.1200008392334,100600.0
2016-05-16,26.239999771118164,26.049999237060547,26.239999771118164,26.18000030517578,97600.0
2016-05-17,26.239999771118164,26.110000610351562,26.239999771118164,26.229999542236328,67100.0
2016-05-18,26.299999237060547,26.079999923706055,26.299999237060547,26.18000030517578,160400.0
2016-05-19,26.219999313354492,25.659000396728516,26.18000030517578,25.979999542236328,143500.0
2016-05-20,26.170000076293945,25.860000610351562,26.170000076293945,25.899999618530273,115400.0
2016-05-23,26.149999618530273,25.92799949645996,26.049999237060547,26.0,132000.0
2016-05-24,26.139999389648438,25.860000610351562,26.0,25.979999542236328,125200.0
2016-05-25,26.139999389648438,25.959999084472656,26.049999237060547,26.0,107800.0
2016-05-26,26.139999389648438,26.016000747680664,26.049999237060547,26.049999237060547,152500.0
2016-05-27,26.25,26.020000457763672,26.100000381469727,26.25,66000.0
2016-05-31,26.25,26.110000610351562,26.25,26.25,84700.0
2016-06-01,26.299999237060547,26.110000610351562,26.280000686645508,26.25,129000.0
2016-06-02,26.489999771118164,26.145000457763672,26.25,26.18000030517578,890500.0
2016-06-03,26.290000915527344,26.200000762939453,26.200000762939453,26.280000686645508,69900.0
2016-06-06,26.360000610351562,26.219999313354492,26.299999237060547,26.229999542236328,485600.0
2016-06-07,26.34000015258789,26.200000762939453,26.290000915527344,26.270000457763672,708600.0
2016-06-08,26.479999542236328,26.219999313354492,26.350000381469727,26.43000030517578,656200.0
2016-06-09,26.5,26.290000915527344,26.5,26.381999969482422,54900.0
2016-06-10,26.700000762939453,26.34000015258789,26.459999084472656,26.649999618530273,82200.0
2016-06-13,26.649999618530273,26.3700008392334,26.649999618530273,26.3700008392334,78700.0
2016-06-14,26.969999313354492,26.367000579833984,26.5,26.899999618530273,91800.0
2016-06-15,27.39299964904785,26.6299991607666,27.09000015258789,26.850000381469727,86600.0
2016-06-16,27.0,26.479999542236328,27.0,26.549999237060547,168300.0
2016-06-17,26.729999542236328,26.479999542236328,26.729999542236328,26.600000381469727,65300.0
2016-06-20,26.729999542236328,26.5,26.729999542236328,26.56999969482422,95700.0
2016-06-21,26.68000030517578,26.5310001373291,26.610000610351562,26.549999237060547,105300.0
2016-06-22,26.75,26.540000915527344,26.639999389648438,26.729999542236328,95300.0
2016-06-23,26.850000381469727,26.6299991607666,26.6299991607666,26.850000381469727,69500.0
2016-06-24,26.829999923706055,26.450000762939453,26.559999465942383,26.75,89400.0
2016-06-27,27.091999053955078,26.3799991607666,26.75,27.040000915527344,93900.0
2016-06-28,27.5,27.040000915527344,27.200000762939453,27.149999618530273,81900.0
2016-06-29,27.350000381469727,26.850000381469727,27.110000610351562,26.860000610351562,93000.0
2016-06-30,27.010000228881836,26.68000030517578,26.950000762939453,26.924999237060547,111800.0
2016-07-01,27.75,27.079999923706055,27.09000015258789,27.709999084472656,172300.0
2016-07-05,28.489999771118164,27.030000686645508,27.700000762939453,27.950000762939453,292700.0
2016-07-06,28.149999618530273,27.34000015258789,28.0,27.71500015258789,198600.0
2016-07-07,28.149999618530273,27.459999084472656,27.719999313354492,27.8799991607666,286600.0
2016-07-08,28.149999618530273,27.889999389648438,28.049999237060547,28.0,138400.0
2016-07-11,28.469999313354492,27.90999984741211,28.25,28.190000534057617,326600.0
2016-07-12,28.25,28.020000457763672,28.100000381469727,28.139999389648438,167200.0
2016-07-13,28.25,28.040000915527344,28.200000762939453,28.15999984741211,159100.0
2016-07-14,28.399999618530273,28.110000610351562,28.25,28.329999923706055,273800.0
2016-07-15,28.969999313354492,26.8700008392334,28.969999313354492,27.239999771118164,522200.0
2016-07-18,27.40999984741211,26.809999465942383,27.299999237060547,26.940000534057617,96900.0
2016-07-19,27.180999755859375,26.979999542236328,27.09000015258789,27.079999923706055,76300.0
2016-07-20,27.309999465942383,27.100000381469727,27.170000076293945,27.309999465942383,41700.0
2016-07-21,27.450000762939453,27.260000228881836,27.399999618530273,27.3700008392334,60400.0
2016-07-22,27.440000534057617,27.260000228881836,27.440000534057617,27.329999923706055,45700.0
2016-07-25,27.489999771118164,27.31999969482422,27.389999389648438,27.479999542236328,45600.0
2016-07-26,27.540000915527344,27.389999389648438,27.520000457763672,27.540000915527344,76800.0
2016-07-27,27.639999389648438,27.475000381469727,27.6299991607666,27.579999923706055,60600.0
2016-07-28,27.729999542236328,27.469999313354492,27.65999984741211,27.700000762939453,52600.0
2016-07-29,27.858999252319336,27.610000610351562,27.739999771118164,27.709999084472656,50800.0
2016-08-01,27.969999313354492,27.649999618530273,27.940000534057617,27.770000457763672,40400.0
2016-08-02,27.799999237060547,27.5,27.799999237060547,27.700000762939453,43900.0
2016-08-03,27.600000381469727,27.399999618530273,27.600000381469727,27.459999084472656,68800.0
2016-08-04,27.56999969482422,27.25,27.450000762939453,27.3799991607666,83100.0
2016-08-05,27.579999923706055,27.25,27.450000762939453,27.31999969482422,81800.0
2016-08-08,27.420000076293945,27.280000686645508,27.350000381469727,27.31999969482422,93300.0
2016-08-09,27.469999313354492,27.209999084472656,27.420000076293945,27.31999969482422,76200.0
2016-08-10,27.31999969482422,27.149999618530273,27.31999969482422,27.309999465942383,61000.0
2016-08-11,27.420000076293945,27.18000030517578,27.329999923706055,27.309999465942383,90900.0
2016-08-12,27.329999923706055,27.15999984741211,27.329999923706055,27.290000915527344,97300.0
2016-08-15,27.510000228881836,27.31999969482422,27.329999923706055,27.3799991607666,62500.0
2016-08-16,27.649999618530273,27.340999603271484,27.450000762939453,27.610000610351562,94200.0
2016-08-17,27.719999313354492,27.459999084472656,27.690000534057617,27.639999389648438,59300.0
2016-08-18,27.729999542236328,27.540000915527344,27.690000534057617,27.6200008392334,43500.0
2016-08-19,27.850000381469727,27.600000381469727,27.649999618530273,27.75,241300.0
2016-08-22,27.790000915527344,27.559999465942383,27.700000762939453,27.719999313354492,59300.0
2016-08-23,27.843000411987305,27.729999542236328,27.739999771118164,27.84000015258789,30200.0
2016-08-24,28.13599967956543,27.75,28.049999237060547,27.950000762939453,48700.0
2016-08-25,28.100000381469727,27.889999389648438,28.049999237060547,28.06999969482422,43500.0
2016-08-26,28.239999771118164,27.780000686645508,28.209999084472656,28.1299991607666,53500.0
2016-08-29,28.18000030517578,27.75,28.149999618530273,27.90999984741211,51900.0
2016-08-30,28.049999237060547,27.75,27.979999542236328,27.90999984741211,69500.0
2016-08-31,28.1200008392334,27.75,27.899999618530273,27.780000686645508,40000.0
2016-09-01,27.8700008392334,27.520000457763672,27.8700008392334,27.709999084472656,62900.0
2016-09-02,27.841999053955078,27.56999969482422,27.809999465942383,27.639999389648438,157700.0
2016-09-06,27.790000915527344,27.510000228881836,27.770000457763672,27.530000686645508,67300.0
2016-09-07,27.84000015258789,27.600000381469727,27.729999542236328,27.799999237060547,45300.0
2016-09-08,28.079999923706055,27.649999618530273,27.809999465942383,27.920000076293945,49600.0
2016-09-09,28.06999969482422,27.100000381469727,28.06999969482422,27.200000762939453,555500.0
2016-09-12,27.75,27.118999481201172,27.75,27.670000076293945,58400.0
2016-09-13,27.7450008392334,27.280000686645508,27.739999771118164,27.479999542236328,86900.0
2016-09-14,27.6299991607666,27.030000686645508,27.6299991607666,27.34000015258789,57000.0
2016-09-15,27.489999771118164,27.110000610351562,27.489999771118164,27.209999084472656,53200.0
2016-09-16,27.5,27.0,27.350000381469727,27.0,37800.0
2016-09-19,27.46500015258789,27.089000701904297,27.43000030517578,27.270000457763672,50900.0
2016-09-20,27.5,27.06999969482422,27.5,27.190000534057617,74900.0
2016-09-21,27.450000762939453,27.160999298095703,27.399999618530273,27.440000534057617,38400.0
2016-09-22,28.1200008392334,27.5,27.579999923706055,28.06999969482422,283800.0
2016-09-23,28.399999618530273,27.90999984741211,28.200000762939453,28.329999923706055,87500.0
2016-09-26,28.399999618530273,27.81999969482422,28.399999618530273,28.34000015258789,43900.0
2016-09-27,28.520000457763672,28.0,28.34000015258789,28.209999084472656,94600.0
2016-09-28,28.190000534057617,27.645000457763672,28.190000534057617,27.940000534057617,61600.0
2016-09-29,28.100000381469727,27.5,28.040000915527344,27.510000228881836,32600.0
2016-09-30,28.059999465942383,27.530000686645508,27.799999237060547,27.540000915527344,688500.0
2016-10-03,27.950000762939453,27.559999465942383,27.75,27.920000076293945,27900.0
2016-10-04,27.920000076293945,27.329999923706055,27.899999618530273,27.40999984741211,39800.0
2016-10-05,27.540000915527344,27.139999389648438,27.5,27.170000076293945,51600.0
2016-10-06,27.3700008392334,27.049999237060547,27.229999542236328,27.219999313354492,30000.0
2016-10-07,27.3700008392334,26.900999069213867,27.280000686645508,27.010000228881836,33600.0
2016-10-10,27.170000076293945,26.420000076293945,27.170000076293945,26.649999618530273,36400.0
2016-10-11,26.780000686645508,26.15999984741211,26.75,26.280000686645508,56600.0
2016-10-12,26.790000915527344,25.930999755859375,26.399999618530273,26.420000076293945,40300.0
2016-10-13,27.0,26.1299991607666,26.3799991607666,26.753000259399414,32800.0
2016-10-14,27.75200080871582,26.59000015258789,27.0,27.110000610351562,63800.0
2016-10-17,27.979999542236328,27.049999237060547,27.979999542236328,27.260000228881836,41600.0
2016-10-18,27.700000762939453,26.940000534057617,27.440000534057617,27.3700008392334,95100.0
2016-10-19,28.049999237060547,27.260000228881836,27.450000762939453,27.399999618530273,33900.0
2016-10-20,28.0,27.260000228881836,27.549999237060547,27.6200008392334,32300.0
2016-10-21,27.920000076293945,27.735000610351562,27.790000915527344,27.84000015258789,62600.0
2016-10-24,28.0,27.496999740600586,28.0,27.68000030517578,21400.0
2016-10-25,27.795000076293945,27.43000030517578,27.65999984741211,27.559999465942383,601300.0
2016-10-26,28.549999237060547,26.809999465942383,28.549999237060547,27.18000030517578,43400.0
2016-10-27,27.469999313354492,26.56100082397461,27.469999313354492,27.149999618530273,27400.0
2016-10-28,27.530000686645508,26.860000610351562,27.389999389648438,26.889999389648438,25900.0
2016-10-31,27.139999389648438,26.709999084472656,27.139999389648438,26.760000228881836,24200.0
2016-11-01,26.947999954223633,26.110000610351562,26.940000534057617,26.420000076293945,31300.0
2016-11-02,26.850000381469727,26.086000442504883,26.850000381469727,26.360000610351562,21700.0
2016-11-03,26.739999771118164,26.25,26.420000076293945,26.56999969482422,19400.0
2016-11-04,26.920000076293945,26.6200008392334,26.770000457763672,26.8799991607666,32500.0
2016-11-07,27.440000534057617,26.429000854492188,27.1200008392334,26.6200008392334,18700.0
2016-11-08,27.145000457763672,26.558000564575195,26.770000457763672,26.84000015258789,36200.0
2016-11-09,26.93000030517578,26.059999465942383,26.899999618530273,26.34000015258789,88400.0
2016-11-10,26.479999542236328,26.010000228881836,26.360000610351562,26.360000610351562,210000.0
2016-11-11,26.799999237060547,26.059999465942383,26.200000762939453,26.399999618530273,135100.0
2016-11-14,26.34000015258789,25.1299991607666,26.34000015258789,25.540000915527344,285000.0
2016-11-15,25.85099983215332,25.170000076293945,25.579999923706055,25.670000076293945,54000.0
2016-11-16,26.520000457763672,25.75,26.010000228881836,26.469999313354492,50000.0
2016-11-17,26.639999389648438,26.200000762939453,26.3799991607666,26.43000030517578,443300.0
2016-11-18,26.649999618530273,25.81999969482422,26.450000762939453,26.040000915527344,40300.0
2016-11-21,26.451000213623047,25.889999389648438,26.31999969482422,25.979999542236328,1004300.0
2016-11-22,26.299999237060547,26.010000228881836,26.020000457763672,26.190000534057617,53000.0
2016-11-23,26.207000732421875,25.972000122070312,26.15999984741211,26.1200008392334,40100.0
2016-11-25,26.389999389648438,26.031999588012695,26.149999618530273,26.1299991607666,10100.0
2016-11-28,26.361000061035156,25.6200008392334,26.299999237060547,25.709999084472656,56800.0
2016-11-29,25.739999771118164,25.270000457763672,25.68000030517578,25.469999313354492,125700.0
2016-11-30,25.6200008392334,25.010000228881836,25.440000534057617,25.25,74700.0
2016-12-01,25.350000381469727,24.809999465942383,25.350000381469727,25.010000228881836,66000.0
2016-12-02,25.459999084472656,25.010000228881836,25.270000457763672,25.079999923706055,280700.0
2016-12-05,25.613000869750977,25.0,25.0,25.100000381469727,52300.0
2016-12-06,25.610000610351562,25.100000381469727,25.290000915527344,25.420000076293945,30500.0
2016-12-07,25.610000610351562,25.260000228881836,25.399999618530273,25.520000457763672,29800.0
2016-12-08,25.863000869750977,25.110000610351562,25.459999084472656,25.329999923706055,37100.0
2016-12-09,25.75,25.225000381469727,25.389999389648438,25.530000686645508,34900.0
2016-12-12,25.690000534057617,25.170000076293945,25.5,25.25,103100.0
2016-12-13,25.440000534057617,25.09000015258789,25.399999618530273,25.110000610351562,48300.0
2016-12-14,25.219999313354492,25.010000228881836,25.079999923706055,25.030000686645508,93200.0
2016-12-15,25.211000442504883,25.0,25.010000228881836,25.06999969482422,107500.0
2016-12-16,25.280000686645508,25.06999969482422,25.149999618530273,25.1200008392334,42400.0
2016-12-19,25.309999465942383,25.1299991607666,25.299999237060547,25.25,56500.0
2016-12-20,25.34000015258789,25.209999084472656,25.209999084472656,25.31999969482422,83800.0
2016-12-21,25.73699951171875,25.290000915527344,25.290000915527344,25.530000686645508,45400.0
2016-12-22,25.819000244140625,25.58799934387207,25.670000076293945,25.760000228881836,47300.0
2016-12-23,25.829999923706055,25.583999633789062,25.829999923706055,25.790000915527344,29100.0
2016-12-27,25.865999221801758,25.582000732421875,25.790000915527344,25.860000610351562,360900.0
2016-12-28,26.25,25.079999923706055,25.670000076293945,25.889999389648438,46900.0
2016-12-29,25.899999618530273,25.420000076293945,25.899999618530273,25.5,45100.0
2016-12-30,25.56999969482422,25.290000915527344,25.549999237060547,25.299999237060547,35800.0
2017-01-03,25.600000381469727,25.31999969482422,25.520000457763672,25.420000076293945,51400.0
2017-01-04,25.860000610351562,25.469999313354492,25.510000228881836,25.829999923706055,29700.0
2017-01-05,26.1200008392334,25.649999618530273,25.950000762939453,25.969999313354492,31300.0
2017-01-06,26.350000381469727,25.81100082397461,25.959999084472656,25.93000030517578,33500.0
2017-01-09,26.200000762939453,25.719999313354492,26.079999923706055,25.889999389648438,26900.0
2017-01-10,26.100000381469727,25.84000015258789,25.8700008392334,25.979999542236328,25500.0
2017-01-11,26.211000442504883,25.799999237060547,25.959999084472656,26.200000762939453,35100.0
2017-01-12,26.25,26.000999450683594,26.200000762939453,26.139999389648438,27400.0
2017-01-13,26.25,25.950000762939453,26.25,26.100000381469727,51400.0
2017-01-17,26.270000457763672,26.049999237060547,26.139999389648438,26.100000381469727,36500.0
2017-01-18,26.299999237060547,25.940000534057617,26.18000030517578,26.139999389648438,23500.0
2017-01-19,26.229999542236328,25.56999969482422,26.229999542236328,25.860000610351562,46000.0
2017-01-20,26.239999771118164,25.579999923706055,25.860000610351562,26.239999771118164,36600.0
2017-01-23,26.940000534057617,26.290000915527344,26.350000381469727,26.809999465942383,35000.0
2017-01-24,27.030000686645508,26.391000747680664,26.799999237060547,26.559999465942383,30000.0
2017-01-25,26.868999481201172,25.770000457763672,26.649999618530273,26.049999237060547,24800.0
2017-01-26,26.549999237060547,25.760000228881836,26.219999313354492,25.920000076293945,46200.0
2017-01-27,25.91200065612793,25.641000747680664,25.899999618530273,25.90999984741211,24200.0
2017-01-30,25.979999542236328,25.65999984741211,25.950000762939453,25.809999465942383,19300.0
2017-01-31,25.97599983215332,25.84000015258789,25.889999389648438,25.860000610351562,31300.0
2017-02-01,26.020000457763672,25.780000686645508,25.90999984741211,25.979999542236328,24800.0
2017-02-02,26.301000595092773,25.93000030517578,25.969999313354492,26.170000076293945,42900.0
2017-02-03,26.530000686645508,26.200000762939453,26.260000228881836,26.290000915527344,35900.0
2017-02-06,26.45800018310547,26.239999771118164,26.399999618530273,26.309999465942383,20000.0
2017-02-07,26.399999618530273,26.229999542236328,26.31999969482422,26.309999465942383,17200.0
2017-02-08,26.3799991607666,26.209999084472656,26.3799991607666,26.290000915527344,45800.0
2017-02-09,26.350000381469727,25.947999954223633,26.280000686645508,26.290000915527344,40500.0
2017-02-10,26.739999771118164,26.09000015258789,26.25,26.729999542236328,104300.0
2017-02-13,26.75,26.299999237060547,26.75,26.440000534057617,20200.0
2017-02-14,26.610000610351562,26.259000778198242,26.610000610351562,26.545000076293945,30700.0
2017-02-15,26.719999313354492,26.520000457763672,26.520000457763672,26.700000762939453,33200.0
2017-02-16,26.849000930786133,26.610000610351562,26.6299991607666,26.780000686645508,34300.0
2017-02-17,26.8700008392334,26.59000015258789,26.84000015258789,26.829999923706055,54900.0
2017-02-21,27.05699920654297,26.71500015258789,26.940000534057617,26.860000610351562,34600.0
2017-02-22,27.200000762939453,26.549999237060547,27.040000915527344,26.799999237060547,43300.0
2017-02-23,26.94300079345703,26.59000015258789,26.84000015258789,26.670000076293945,34000.0
2017-02-24,26.84000015258789,26.6200008392334,26.709999084472656,26.670000076293945,23100.0
2017-02-27,26.829999923706055,26.510000228881836,26.780000686645508,26.739999771118164,26700.0
2017-02-28,26.780000686645508,26.440000534057617,26.540000915527344,26.610000610351562,32300.0
2017-03-01,26.676000595092773,26.219999313354492,26.579999923706055,26.420000076293945,36600.0
2017-03-02,26.636999130249023,26.309999465942383,26.540000915527344,26.559999465942383,24100.0
2017-03-03,26.694000244140625,26.29599952697754,26.520000457763672,26.649999618530273,16000.0
2017-03-06,26.656999588012695,26.450000762939453,26.5,26.59000015258789,17700.0
2017-03-07,26.6200008392334,26.270000457763672,26.520000457763672,26.329999923706055,22200.0
2017-03-08,26.389999389648438,25.81999969482422,26.209999084472656,25.93000030517578,43400.0
2017-03-09,25.8799991607666,25.43000030517578,25.84000015258789,25.770000457763672,55500.0
2017-03-10,25.950000762939453,25.545000076293945,25.8700008392334,25.950000762939453,36200.0
2017-03-13,26.049999237060547,25.799999237060547,25.950000762939453,25.850000381469727,410900.0
2017-03-14,26.149999618530273,25.798999786376953,25.940000534057617,26.100000381469727,76800.0
2017-03-15,26.34000015258789,25.899999618530273,25.979999542236328,26.34000015258789,52900.0
2017-03-16,26.440000534057617,26.149999618530273,26.440000534057617,26.399999618530273,35100.0
2017-03-17,26.440000534057617,26.174999237060547,26.43000030517578,26.440000534057617,93200.0
2017-03-20,26.53499984741211,26.280000686645508,26.299999237060547,26.450000762939453,17200.0
2017-03-21,26.549999237060547,26.30500030517578,26.549999237060547,26.479999542236328,15000.0
2017-03-22,26.700000762939453,26.360000610351562,26.3799991607666,26.540000915527344,37800.0
2017-03-23,26.90999984741211,26.649999618530273,26.829999923706055,26.68000030517578,37200.0
2017-03-24,26.790000915527344,26.540000915527344,26.540000915527344,26.739999771118164,16500.0
2017-03-27,26.889999389648438,26.31999969482422,26.600000381469727,26.389999389648438,42500.0
2017-03-28,26.722000122070312,26.309999465942383,26.450000762939453,26.43000030517578,20600.0
2017-03-29,26.292999267578125,25.885000228881836,26.1299991607666,25.969999313354492,51100.0
2017-03-30,25.96500015258789,25.799999237060547,25.920000076293945,25.8799991607666,66300.0
2017-03-31,25.950000762939453,25.851999282836914,25.93000030517578,25.920000076293945,135200.0
2017-04-03,26.1299991607666,25.89900016784668,25.959999084472656,26.049999237060547,197700.0
2017-04-04,26.139999389648438,25.969999313354492,26.110000610351562,26.030000686645508,58500.0
2017-04-05,26.190000534057617,25.969999313354492,26.079999923706055,26.0,71000.0
2017-04-06,26.18000030517578,26.0,26.059999465942383,26.15999984741211,61900.0
2017-04-07,26.270000457763672,26.15999984741211,26.200000762939453,26.229999542236328,26900.0
2017-04-10,26.31999969482422,26.190000534057617,26.200000762939453,26.25,45200.0
2017-04-11,26.260000228881836,26.1200008392334,26.170000076293945,26.229999542236328,22300.0
2017-04-12,26.280000686645508,26.1200008392334,26.1200008392334,26.25,32500.0
2017-04-13,26.31999969482422,26.049999237060547,26.290000915527344,26.309999465942383,32200.0
2017-04-17,26.479000091552734,26.299999237060547,26.3700008392334,26.389999389648438,28100.0
2017-04-18,26.399999618530273,26.270000457763672,26.31999969482422,26.3799991607666,35300.0
2017-04-19,26.469999313354492,26.27400016784668,26.399999618530273,26.405000686645508,25800.0
2017-04-20,26.700000762939453,26.375,26.420000076293945,26.59000015258789,115700.0
2017-04-21,26.940000534057617,26.476999282836914,26.600000381469727,26.90999984741211,98900.0
2017-04-24,27.489999771118164,26.93000030517578,27.489999771118164,27.25,46000.0
2017-04-25,27.479999542236328,27.100000381469727,27.350000381469727,27.149999618530273,50300.0
2017-04-26,27.454999923706055,26.93000030517578,27.34000015258789,26.959999084472656,32500.0
2017-04-27,27.225000381469727,26.920000076293945,27.200000762939453,27.200000762939453,27000.0
2017-04-28,27.329999923706055,27.072999954223633,27.209999084472656,27.100000381469727,15500.0
2017-05-01,27.43000030517578,27.149999618530273,27.299999237060547,27.299999237060547,31500.0
2017-05-02,27.389999389648438,27.18000030517578,27.25,27.389999389648438,31400.0
2017-05-03,27.489999771118164,27.110000610351562,27.25,27.489999771118164,54500.0
2017-05-04,27.75,27.290000915527344,27.75,27.459999084472656,24900.0
2017-05-05,27.729999542236328,27.25,27.56999969482422,27.440000534057617,21100.0
2017-05-08,27.68000030517578,27.290000915527344,27.43000030517578,27.389999389648438,41800.0
2017-05-09,27.639999389648438,27.25,27.520000457763672,27.3799991607666,40200.0
2017-05-10,27.649999618530273,27.239999771118164,27.399999618530273,27.43000030517578,16300.0
2017-05-11,27.649999618530273,27.229999542236328,27.440000534057617,27.350000381469727,26500.0
2017-05-12,27.600000381469727,27.239999771118164,27.239999771118164,27.479999542236328,14300.0
2017-05-15,27.68000030517578,27.399999618530273,27.639999389648438,27.489999771118164,12800.0
2017-05-16,27.5049991607666,27.290000915527344,27.479999542236328,27.43000030517578,17700.0
2017-05-17,27.579999923706055,27.291000366210938,27.3700008392334,27.40999984741211,16800.0
2017-05-18,27.5,27.25,27.5,27.260000228881836,24200.0
2017-05-19,27.440000534057617,27.200000762939453,27.25,27.280000686645508,16900.0
2017-05-22,27.489999771118164,27.260000228881836,27.450000762939453,27.489999771118164,20500.0
2017-05-23,27.700000762939453,27.450000762939453,27.559999465942383,27.690000534057617,20100.0
2017-05-24,27.75,27.420000076293945,27.75,27.420000076293945,18300.0
2017-05-25,27.5,27.280000686645508,27.5,27.299999237060547,24100.0
2017-05-26,27.329999923706055,26.780000686645508,27.309999465942383,26.790000915527344,51200.0
2017-05-30,27.100000381469727,26.8799991607666,26.8799991607666,26.989999771118164,13500.0
2017-05-31,27.170000076293945,26.979999542236328,27.079999923706055,27.100000381469727,22800.0
2017-06-01,27.200000762939453,27.051000595092773,27.15999984741211,27.139999389648438,16400.0
2017-06-02,27.329999923706055,27.142000198364258,27.200000762939453,27.239999771118164,20000.0
2017-06-05,27.27400016784668,27.1299991607666,27.239999771118164,27.131000518798828,9600.0
2017-06-06,27.229999542236328,27.100000381469727,27.100000381469727,27.15999984741211,14000.0
2017-06-07,27.231000900268555,27.049999237060547,27.1299991607666,27.190000534057617,19900.0
2017-06-08,27.200000762939453,26.950000762939453,27.200000762939453,27.040000915527344,21500.0
2017-06-09,27.06800079345703,26.899999618530273,26.969999313354492,26.899999618530273,14400.0
2017-06-12,27.049999237060547,26.760000228881836,26.90999984741211,27.0,31800.0
2017-06-13,27.049999237060547,26.850000381469727,27.049999237060547,27.0,10100.0
2017-06-14,27.1299991607666,26.940000534057617,27.059999465942383,27.09000015258789,49500.0
2017-06-15,27.131999969482422,26.959999084472656,27.010000228881836,27.100000381469727,15900.0
2017-06-16,27.420000076293945,27.020000457763672,27.049999237060547,27.399999618530273,53700.0
2017-06-19,27.489999771118164,27.219999313354492,27.350000381469727,27.479999542236328,17500.0
2017-06-20,27.63800048828125,27.31100082397461,27.5,27.5,29600.0
2017-06-21,27.709999084472656,27.527000427246094,27.56999969482422,27.700000762939453,41300.0
2017-06-22,27.920000076293945,27.700000762939453,27.84000015258789,27.899999618530273,18900.0
2017-06-23,28.190000534057617,27.940000534057617,27.940000534057617,28.030000686645508,16600.0
2017-06-26,28.389999389648438,28.1299991607666,28.190000534057617,28.139999389648438,21200.0
2017-06-27,28.350000381469727,28.010000228881836,28.350000381469727,28.170000076293945,58100.0
2017-06-28,27.989999771118164,27.549999237060547,27.979999542236328,27.709999084472656,38400.0
2017-06-29,27.909000396728516,27.020000457763672,27.739999771118164,27.110000610351562,62300.0
2017-06-30,27.510000228881836,27.1200008392334,27.239999771118164,27.469999313354492,41500.0
2017-07-03,27.469999313354492,27.139999389648438,27.299999237060547,27.399999618530273,12400.0
2017-07-05,27.59000015258789,27.299999237060547,27.299999237060547,27.440000534057617,10800.0
2017-07-06,27.8799991607666,27.285999298095703,27.479999542236328,27.59000015258789,29200.0
2017-07-07,27.84600067138672,27.18000030517578,27.299999237060547,27.649999618530273,57200.0
2017-07-10,28.190000534057617,27.389999389648438,27.799999237060547,28.020000457763672,18000.0
2017-07-11,27.969999313354492,27.610000610351562,27.799999237060547,27.770000457763672,29900.0
2017-07-12,28.049999237060547,27.579999923706055,27.579999923706055,27.93000030517578,29500.0
2017-07-13,28.020000457763672,27.59000015258789,28.020000457763672,27.68000030517578,34000.0
2017-07-14,28.086000442504883,27.722000122070312,27.84000015258789,27.8700008392334,28000.0
2017-07-17,28.104999542236328,27.639999389648438,28.059999465942383,27.649999618530273,29600.0
2017-07-18,27.915000915527344,27.6200008392334,27.6200008392334,27.790000915527344,32700.0
2017-07-19,28.06999969482422,27.799999237060547,27.799999237060547,28.0,18600.0
2017-07-20,28.1299991607666,27.780000686645508,28.110000610351562,28.0,31800.0
2017-07-21,28.209999084472656,27.85099983215332,28.100000381469727,28.209999084472656,54700.0
2017-07-24,28.139999389648438,27.81999969482422,28.0,28.09000015258789,35000.0
2017-07-25,27.972000122070312,27.56999969482422,27.920000076293945,27.8799991607666,29100.0
2017-07-26,27.950000762939453,27.65999984741211,27.75,27.809999465942383,17900.0
2017-07-27,28.18000030517578,27.739999771118164,27.739999771118164,27.889999389648438,17500.0
2017-07-28,28.209999084472656,27.760000228881836,28.06999969482422,28.100000381469727,15400.0
2017-07-31,28.239999771118164,27.981000900268555,28.020000457763672,28.06999969482422,17100.0
2017-08-01,28.229999542236328,28.079999923706055,28.18000030517578,28.219999313354492,25400.0
2017-08-02,28.239999771118164,27.8700008392334,28.1200008392334,27.8700008392334,30200.0
2017-08-03,28.059999465942383,27.770000457763672,27.969999313354492,27.950000762939453,35600.0
2017-08-04,28.079999923706055,27.799999237060547,28.079999923706055,27.799999237060547,9100.0
2017-08-07,27.934999465942383,27.520000457763672,27.649999618530273,27.68000030517578,28500.0
2017-08-08,27.834999084472656,27.75,27.790000915527344,27.780000686645508,21400.0
2017-08-09,27.850000381469727,27.610000610351562,27.850000381469727,27.709999084472656,27400.0
2017-08-10,27.709999084472656,27.030000686645508,27.639999389648438,27.389999389648438,21700.0
2017-08-11,27.59000015258789,27.09000015258789,27.59000015258789,27.139999389648438,24400.0
2017-08-14,27.700000762939453,27.243999481201172,27.700000762939453,27.545000076293945,46700.0
2017-08-15,27.549999237060547,27.200000762939453,27.549999237060547,27.40999984741211,42800.0
2017-08-16,27.760000228881836,27.459999084472656,27.459999084472656,27.639999389648438,38700.0
2017-08-17,27.690000534057617,27.43000030517578,27.690000534057617,27.450000762939453,36000.0
2017-08-18,27.68000030517578,27.43000030517578,27.43000030517578,27.489999771118164,49200.0
2017-08-21,27.639999389648438,27.420000076293945,27.639999389648438,27.420000076293945,15300.0
2017-08-22,27.68000030517578,27.40999984741211,27.459999084472656,27.440000534057617,238100.0
2017-08-23,27.5,27.43000030517578,27.489999771118164,27.450000762939453,9000.0
2017-08-24,27.610000610351562,27.43000030517578,27.5,27.43000030517578,10800.0
2017-08-25,27.549999237060547,27.43000030517578,27.489999771118164,27.549999237060547,12600.0
2017-08-28,27.610000610351562,27.469999313354492,27.540000915527344,27.5,11300.0
2017-08-29,27.53499984741211,27.309999465942383,27.489999771118164,27.309999465942383,20600.0
2017-08-30,27.610000610351562,27.360000610351562,27.399999618530273,27.600000381469727,49000.0
2017-08-31,27.850000381469727,27.489999771118164,27.649999618530273,27.850000381469727,25100.0
2017-09-01,27.979999542236328,27.549999237060547,27.850000381469727,27.639999389648438,13700.0
2017-09-05,27.93000030517578,27.549999237060547,27.6200008392334,27.700000762939453,16900.0
2017-09-06,27.959999084472656,27.709999084472656,27.790000915527344,27.75,36500.0
2017-09-07,27.959999084472656,27.350000381469727,27.829999923706055,27.790000915527344,54000.0
2017-09-08,27.94700050354004,27.389999389648438,27.75,27.65999984741211,44000.0
2017-09-11,27.93000030517578,27.634000778198242,27.889999389648438,27.719999313354492,19900.0
2017-09-12,27.969999313354492,27.739999771118164,27.850000381469727,27.780000686645508,6400.0
2017-09-13,27.979999542236328,27.780000686645508,27.780000686645508,27.979999542236328,11000.0
2017-09-14,28.0,27.75,28.0,27.75,26300.0
2017-09-15,27.8799991607666,27.670000076293945,27.780000686645508,27.850000381469727,15500.0
2017-09-18,28.0,27.690000534057617,28.0,27.8700008392334,6000.0
2017-09-19,27.940000534057617,27.760000228881836,27.940000534057617,27.8799991607666,17100.0
2017-09-20,27.940000534057617,27.75,27.940000534057617,27.770000457763672,15900.0
2017-09-21,27.906999588012695,27.790000915527344,27.790000915527344,27.829999923706055,11500.0
2017-09-22,27.847999572753906,27.549999237060547,27.75,27.68000030517578,49200.0
2017-09-25,27.920000076293945,27.639999389648438,27.649999618530273,27.920000076293945,15700.0
2017-09-26,28.0,27.780000686645508,27.780000686645508,28.0,14200.0
2017-09-27,28.0,27.639999389648438,28.0,27.790000915527344,28000.0
2017-09-28,27.520000457763672,27.350000381469727,27.440000534057617,27.489999771118164,18700.0
2017-09-29,27.5,27.1299991607666,27.5,27.420000076293945,72300.0
2017-10-02,27.450000762939453,27.100000381469727,27.360000610351562,27.350000381469727,36200.0
2017-10-03,27.459999084472656,27.270000457763672,27.290000915527344,27.329999923706055,12900.0
2017-10-04,27.469999313354492,27.219999313354492,27.350000381469727,27.299999237060547,16200.0
2017-10-05,27.389999389648438,27.100000381469727,27.389999389648438,27.1299991607666,15900.0
2017-10-06,27.309999465942383,26.76099967956543,27.079999923706055,27.020000457763672,47100.0
2017-10-09,27.200000762939453,26.709999084472656,27.020000457763672,26.81999969482422,21900.0
2017-10-10,27.420000076293945,26.950000762939453,26.950000762939453,27.200000762939453,22500.0
2017-10-11,27.458999633789062,27.16900062561035,27.219999313354492,27.3799991607666,15900.0
2017-10-12,27.549999237060547,27.110000610351562,27.389999389648438,27.280000686645508,43700.0
2017-10-13,27.549999237060547,27.33799934387207,27.350000381469727,27.549999237060547,16200.0
2017-10-16,27.549999237060547,27.209999084472656,27.549999237060547,27.34000015258789,11500.0
2017-10-17,27.549999237060547,27.219999313354492,27.329999923706055,27.40999984741211,9700.0
2017-10-18,27.8700008392334,27.18000030517578,27.399999618530273,27.350000381469727,23200.0
2017-10-19,27.434999465942383,27.079999923706055,27.15999984741211,27.110000610351562,14500.0
2017-10-20,27.75,27.0,27.010000228881836,27.719999313354492,55900.0
2017-10-23,27.850000381469727,27.575000762939453,27.68000030517578,27.774999618530273,17000.0
2017-10-24,27.8799991607666,27.520000457763672,27.860000610351562,27.600000381469727,26100.0
2017-10-25,27.55900001525879,27.010000228881836,27.329999923706055,27.389999389648438,23800.0
2017-10-26,27.579999923706055,27.170000076293945,27.579999923706055,27.309999465942383,9200.0
2017-10-27,27.479999542236328,27.209999084472656,27.25,27.469999313354492,10700.0
2017-10-30,27.481000900268555,27.280000686645508,27.440000534057617,27.450000762939453,10900.0
2017-10-31,27.760000228881836,27.3799991607666,27.530000686645508,27.760000228881836,19600.0
2017-11-01,27.709999084472656,27.350000381469727,27.59000015258789,27.599000930786133,7200.0
2017-11-02,27.739999771118164,27.190000534057617,27.5,27.719999313354492,21400.0
2017-11-03,27.68000030517578,27.332000732421875,27.639999389648438,27.6299991607666,5400.0
2017-11-06,27.66200065612793,27.25,27.559999465942383,27.2810001373291,18300.0
2017-11-07,27.440000534057617,27.239999771118164,27.25,27.389999389648438,12400.0
2017-11-08,27.489999771118164,27.25,27.31999969482422,27.31999969482422,5200.0
2017-11-09,27.53499984741211,27.25,27.31999969482422,27.479999542236328,31900.0
2017-11-10,27.510000228881836,27.15999984741211,27.510000228881836,27.209999084472656,11400.0
2017-11-13,27.540000915527344,27.152000427246094,27.200000762939453,27.440000534057617,29500.0
2017-11-14,27.665000915527344,27.25,27.440000534057617,27.450000762939453,28100.0
2017-11-15,27.55500030517578,27.06999969482422,27.3799991607666,27.219999313354492,18600.0
2017-11-16,27.489999771118164,27.280000686645508,27.280000686645508,27.3700008392334,13900.0
2017-11-17,27.670000076293945,27.329999923706055,27.360000610351562,27.450000762939453,33600.0
2017-11-20,27.649999618530273,27.299999237060547,27.459999084472656,27.559999465942383,25700.0
2017-11-21,27.584999084472656,27.40999984741211,27.459999084472656,27.40999984741211,19300.0
2017-11-22,27.540000915527344,27.40999984741211,27.40999984741211,27.440000534057617,14400.0
2017-11-24,27.93000030517578,27.5049991607666,27.540000915527344,27.770000457763672,17200.0
2017-11-27,27.940000534057617,27.68000030517578,27.68000030517578,27.91699981689453,21900.0
2017-11-28,27.90999984741211,27.59000015258789,27.809999465942383,27.68000030517578,16200.0
2017-11-29,27.791000366210938,27.350000381469727,27.6200008392334,27.56999969482422,15900.0
2017-11-30,27.93000030517578,27.510000228881836,27.579999923706055,27.510000228881836,28500.0
2017-12-01,27.75,27.5,27.559999465942383,27.670000076293945,18300.0
2017-12-04,27.940000534057617,27.469999313354492,27.469999313354492,27.90999984741211,168700.0
2017-12-05,28.0,27.719999313354492,28.0,27.940000534057617,12500.0
2017-12-06,28.260000228881836,27.760000228881836,27.920000076293945,28.209999084472656,77000.0
2017-12-07,28.270000457763672,28.149999618530273,28.149999618530273,28.270000457763672,23200.0
2017-12-08,28.610000610351562,28.1299991607666,28.209999084472656,28.56999969482422,18100.0
2017-12-11,28.559999465942383,28.121000289916992,28.3799991607666,28.309999465942383,28100.0
2017-12-12,28.450000762939453,28.14699935913086,28.450000762939453,28.200000762939453,19000.0
2017-12-13,28.358999252319336,27.854000091552734,28.1200008392334,28.100000381469727,27600.0
2017-12-14,28.56999969482422,27.93000030517578,27.93000030517578,28.0,10700.0
2017-12-15,28.290000915527344,27.899999618530273,28.020000457763672,27.90999984741211,21400.0
2017-12-18,28.34000015258789,27.8799991607666,27.8799991607666,28.31999969482422,19400.0
2017-12-19,28.31999969482422,28.007999420166016,28.290000915527344,28.09000015258789,25400.0
2017-12-20,28.1299991607666,27.93000030517578,27.93000030517578,28.0,29400.0
2017-12-21,28.264999389648438,27.920000076293945,28.0,28.139999389648438,16100.0
2017-12-22,28.68000030517578,28.003000259399414,28.15999984741211,28.030000686645508,13700.0
2017-12-26,28.010000228881836,27.790000915527344,27.959999084472656,27.84000015258789,21800.0
2017-12-27,27.93000030517578,27.670000076293945,27.739999771118164,27.799999237060547,13400.0
2017-12-28,27.649999618530273,27.309999465942383,27.56999969482422,27.329999923706055,17700.0
2017-12-29,28.219999313354492,27.239999771118164,27.350000381469727,28.139999389648438,90200.0
2018-01-02,28.010000228881836,27.219999313354492,28.010000228881836,27.5,56300.0
2018-01-03,27.770000457763672,27.290000915527344,27.5,27.450000762939453,54700.0
2018-01-04,27.600000381469727,27.31999969482422,27.31999969482422,27.375999450683594,39100.0
2018-01-05,27.459999084472656,27.229999542236328,27.3700008392334,27.280000686645508,64100.0
2018-01-08,27.450000762939453,27.170000076293945,27.3799991607666,27.400999069213867,31100.0
2018-01-09,27.459999084472656,27.100000381469727,27.309999465942383,27.450000762939453,32800.0
2018-01-10,27.38599967956543,27.1299991607666,27.290000915527344,27.350000381469727,20700.0
2018-01-11,27.3799991607666,27.136999130249023,27.219999313354492,27.299999237060547,37900.0
2018-01-12,27.299999237060547,27.075000762939453,27.219999313354492,27.239999771118164,70200.0
2018-01-16,27.299999237060547,27.040000915527344,27.299999237060547,27.149999618530273,30100.0
2018-01-17,27.219999313354492,27.017000198364258,27.09000015258789,27.219999313354492,24700.0
2018-01-18,27.149999618530273,26.8799991607666,27.110000610351562,26.950000762939453,20900.0
2018-01-19,27.149999618530273,26.420000076293945,26.8700008392334,26.829999923706055,67000.0
2018-01-22,27.07200050354004,26.610000610351562,26.860000610351562,26.969999313354492,30600.0
2018-01-23,27.18000030517578,26.520999908447266,26.770000457763672,27.18000030517578,37700.0
2018-01-24,27.209999084472656,26.700000762939453,27.139999389648438,27.18000030517578,32800.0
2018-01-25,27.110000610351562,26.634000778198242,27.010000228881836,27.110000610351562,129000.0
2018-01-26,26.950000762939453,26.6200008392334,26.950000762939453,26.6200008392334,49000.0
2018-01-29,26.5,26.100000381469727,26.5,26.270000457763672,68700.0
2018-01-30,26.479999542236328,26.0,26.010000228881836,26.479999542236328,37600.0
2018-01-31,26.790000915527344,26.149999618530273,26.270000457763672,26.719999313354492,31400.0
2018-02-01,26.809999465942383,26.229999542236328,26.479999542236328,26.229999542236328,20500.0
2018-02-02,26.43000030517578,25.75,26.0,26.06999969482422,46800.0
2018-02-05,26.260000228881836,25.905000686645508,25.940000534057617,26.05500030517578,37700.0
2018-02-06,26.280000686645508,25.81999969482422,25.81999969482422,26.280000686645508,28200.0
2018-02-07,26.600000381469727,26.1200008392334,26.1200008392334,26.3799991607666,34400.0
2018-02-08,26.559999465942383,25.969999313354492,26.559999465942383,26.209999084472656,40000.0
2018-02-09,26.43000030517578,25.81999969482422,26.34000015258789,26.43000030517578,36300.0
2018-02-12,26.43000030517578,26.110000610351562,26.43000030517578,26.309999465942383,44600.0
2018-02-13,26.600000381469727,26.239999771118164,26.299999237060547,26.239999771118164,16500.0
2018-02-14,26.239999771118164,25.920000076293945,26.239999771118164,26.107999801635742,18400.0
2018-02-15,26.333999633789062,25.90999984741211,26.149999618530273,26.040000915527344,19800.0
2018-02-16,26.329999923706055,26.020000457763672,26.020000457763672,26.209999084472656,15500.0
2018-02-20,26.290000915527344,26.059999465942383,26.059999465942383,26.290000915527344,16100.0
2018-02-21,26.440000534057617,26.149999618530273,26.149999618530273,26.24799919128418,13300.0
2018-02-22,26.389999389648438,26.139999389648438,26.15999984741211,26.170000076293945,82200.0
2018-02-23,26.57900047302246,26.170000076293945,26.190000534057617,26.5,52700.0
2018-02-26,26.600000381469727,26.34600067138672,26.540000915527344,26.579999923706055,27600.0
2018-02-27,26.729999542236328,26.40999984741211,26.459999084472656,26.700000762939453,69500.0
2018-02-28,26.969999313354492,26.541000366210938,26.68000030517578,26.899999618530273,70600.0
2018-03-01,27.079999923706055,26.6299991607666,26.75,26.95800018310547,16700.0
2018-03-02,26.969999313354492,26.687000274658203,26.709999084472656,26.834999084472656,23000.0
2018-03-05,27.09000015258789,26.700000762939453,26.81999969482422,27.09000015258789,22700.0
2018-03-06,27.190000534057617,26.920000076293945,26.940000534057617,27.18000030517578,24500.0
2018-03-07,27.27899932861328,27.030000686645508,27.030000686645508,27.163999557495117,72900.0
2018-03-08,27.520000457763672,27.06999969482422,27.06999969482422,27.34000015258789,64800.0
2018-03-09,27.25,26.940000534057617,27.25,27.040000915527344,34000.0
2018-03-12,27.13800048828125,26.959999084472656,26.959999084472656,27.079999923706055,9400.0
2018-03-13,27.170000076293945,26.93000030517578,27.0,27.100000381469727,30300.0
2018-03-14,27.139999389648438,26.905000686645508,27.09000015258789,27.040000915527344,73800.0
2018-03-15,27.200000762939453,26.8700008392334,27.0,26.959999084472656,173800.0
2018-03-16,27.09000015258789,26.864999771118164,26.969999313354492,26.959999084472656,86500.0
2018-03-19,27.09000015258789,26.8700008392334,26.8700008392334,26.979999542236328,39400.0
2018-03-20,27.219999313354492,26.920000076293945,26.920000076293945,27.149999618530273,12600.0
2018-03-21,27.363000869750977,26.959999084472656,27.020000457763672,27.309999465942383,22000.0
2018-03-22,27.5,27.170000076293945,27.200000762939453,27.360000610351562,16000.0
2018-03-23,27.601999282836914,27.209999084472656,27.399999618530273,27.209999084472656,22500.0
2018-03-26,27.429000854492188,26.979999542236328,27.309999465942383,27.350000381469727,15000.0
2018-03-27,27.46299934387207,27.1299991607666,27.350000381469727,27.18000030517578,20800.0
2018-03-28,27.290000915527344,26.790000915527344,26.979999542236328,27.290000915527344,25300.0
2018-03-29,27.280000686645508,26.950000762939453,27.139999389648438,27.25,29500.0
2018-04-02,27.16699981689453,26.68000030517578,27.1200008392334,26.690000534057617,22400.0
2018-04-03,26.719999313354492,26.049999237060547,26.719999313354492,26.530000686645508,108300.0
2018-04-04,26.6200008392334,26.350000381469727,26.350000381469727,26.540000915527344,18800.0
2018-04-05,26.729999542236328,26.450000762939453,26.479999542236328,26.729999542236328,31400.0
2018-04-06,26.850000381469727,26.450000762939453,26.520000457763672,26.850000381469727,26200.0
2018-04-09,26.920000076293945,26.489999771118164,26.719999313354492,26.81999969482422,28500.0
2018-04-10,26.899999618530273,26.6200008392334,26.729999542236328,26.8700008392334,14500.0
2018-04-11,26.950000762939453,26.6299991607666,26.770000457763672,26.739999771118164,39600.0
2018-04-12,26.774999618530273,26.56999969482422,26.649999618530273,26.610000610351562,29500.0
2018-04-13,26.709999084472656,26.3799991607666,26.559999465942383,26.489999771118164,30500.0
2018-04-16,26.600000381469727,26.3799991607666,26.420000076293945,26.59000015258789,29700.0
2018-04-17,26.56399917602539,26.440000534057617,26.520000457763672,26.450000762939453,41900.0
2018-04-18,26.549999237060547,26.413999557495117,26.450000762939453,26.540000915527344,25500.0
2018-04-19,26.469999313354492,26.31999969482422,26.40999984741211,26.31999969482422,18900.0
2018-04-20,26.489999771118164,26.219999313354492,26.309999465942383,26.350000381469727,79300.0
2018-04-23,26.350000381469727,26.260000228881836,26.34000015258789,26.350000381469727,14000.0
2018-04-24,26.329999923706055,26.200000762939453,26.329999923706055,26.25,35700.0
2018-04-25,26.200000762939453,25.940000534057617,26.200000762939453,26.020000457763672,106200.0
2018-04-26,26.149999618530273,25.934999465942383,26.030000686645508,26.149999618530273,45900.0
2018-04-27,26.211000442504883,26.020000457763672,26.06999969482422,26.15999984741211,28400.0
2018-04-30,26.25,26.09000015258789,26.09000015258789,26.18000030517578,19400.0
2018-05-01,26.420000076293945,26.149999618530273,26.15999984741211,26.25,7100.0
2018-05-02,26.30500030517578,26.149999618530273,26.209999084472656,26.219999313354492,10500.0
2018-05-03,26.31999969482422,26.149999618530273,26.15999984741211,26.149999618530273,19000.0
2018-05-04,26.329999923706055,26.149999618530273,26.149999618530273,26.209999084472656,26800.0
2018-05-07,26.368999481201172,26.229999542236328,26.260000228881836,26.34000015258789,28200.0
2018-05-08,26.264999389648438,26.079999923706055,26.229999542236328,26.190000534057617,28200.0
2018-05-09,26.170000076293945,26.059999465942383,26.1200008392334,26.079999923706055,26700.0
2018-05-10,26.170000076293945,26.020000457763672,26.100000381469727,26.06999969482422,40300.0
2018-05-11,26.25,25.969999313354492,26.020000457763672,26.25,45800.0
2018-05-14,26.299999237060547,26.1200008392334,26.18000030517578,26.219999313354492,21100.0
2018-05-15,26.200000762939453,26.040000915527344,26.1200008392334,26.170000076293945,21300.0
2018-05-16,26.18000030517578,26.049999237060547,26.1299991607666,26.170000076293945,19700.0
2018-05-17,26.149999618530273,26.030000686645508,26.110000610351562,26.09000015258789,16800.0
2018-05-18,26.139999389648438,26.010000228881836,26.030000686645508,26.030000686645508,9900.0
2018-05-21,26.110000610351562,26.030000686645508,26.06999969482422,26.059999465942383,21900.0
2018-05-22,26.118000030517578,25.989999771118164,26.059999465942383,26.100000381469727,27000.0
2018-05-23,26.1299991607666,26.020000457763672,26.049999237060547,26.110000610351562,15300.0
2018-05-24,26.3799991607666,26.06999969482422,26.139999389648438,26.3799991607666,39400.0
2018-05-25,26.618999481201172,26.270000457763672,26.270000457763672,26.510000228881836,13300.0
2018-05-29,26.68000030517578,26.25,26.459999084472656,26.3799991607666,35100.0
2018-05-30,26.5,26.350000381469727,26.389999389648438,26.450000762939453,28500.0
2018-05-31,26.43000030517578,26.25,26.43000030517578,26.40999984741211,27400.0
2018-06-01,26.559999465942383,26.344999313354492,26.350000381469727,26.559999465942383,20000.0
2018-06-04,26.59000015258789,26.389999389648438,26.540000915527344,26.579999923706055,22900.0
2018-06-05,26.809999465942383,26.530000686645508,26.549999237060547,26.790000915527344,64200.0
2018-06-06,26.850000381469727,26.65999984741211,26.65999984741211,26.799999237060547,31900.0
2018-06-07,26.809999465942383,26.709999084472656,26.709999084472656,26.790000915527344,22800.0
2018-06-08,26.780000686645508,26.68400001525879,26.729999542236328,26.709999084472656,15000.0
2018-06-11,26.790000915527344,26.6200008392334,26.790000915527344,26.729999542236328,11800.0
2018-06-12,26.670000076293945,26.58300018310547,26.639999389648438,26.610000610351562,25500.0
2018-06-13,26.719999313354492,26.5,26.600000381469727,26.68000030517578,26500.0
2018-06-14,26.780000686645508,26.579999923706055,26.610000610351562,26.75,25200.0
2018-06-15,26.799999237060547,26.639999389648438,26.639999389648438,26.770000457763672,13800.0
2018-06-18,26.8700008392334,26.65999984741211,26.65999984741211,26.777999877929688,20900.0
2018-06-19,26.700000762939453,26.60099983215332,26.700000762939453,26.649999618530273,29200.0
2018-06-20,26.770000457763672,26.600000381469727,26.600000381469727,26.65999984741211,13200.0
2018-06-21,26.65999984741211,26.600000381469727,26.600000381469727,26.6299991607666,21500.0
2018-06-22,26.719999313354492,26.559999465942383,26.649999618530273,26.700000762939453,13500.0
2018-06-25,26.690000534057617,26.600000381469727,26.6200008392334,26.610000610351562,16600.0
2018-06-26,26.6200008392334,26.520000457763672,26.6200008392334,26.520000457763672,16400.0
2018-06-27,26.618000030517578,26.350000381469727,26.520000457763672,26.43000030517578,25700.0
2018-06-28,26.170000076293945,26.059999465942383,26.06999969482422,26.149999618530273,27600.0
2018-06-29,26.273000717163086,26.100000381469727,26.100000381469727,26.1200008392334,33900.0
2018-07-02,26.579999923706055,26.100000381469727,26.149999618530273,26.520000457763672,43300.0
2018-07-03,26.770000457763672,26.469999313354492,26.469999313354492,26.760000228881836,19100.0
2018-07-05,26.84000015258789,26.530000686645508,26.760000228881836,26.84000015258789,26200.0
2018-07-06,27.1200008392334,26.75,26.75,26.93000030517578,29300.0
2018-07-09,27.135000228881836,26.700000762939453,26.850000381469727,27.020000457763672,44600.0
2018-07-10,27.010000228881836,26.8700008392334,26.950000762939453,26.969999313354492,22100.0
2018-07-11,26.979999542236328,26.899999618530273,26.90999984741211,26.979999542236328,27600.0
2018-07-12,26.981000900268555,26.81999969482422,26.90999984741211,26.959999084472656,14100.0
2018-07-13,26.979999542236328,26.690000534057617,26.899999618530273,26.84000015258789,22000.0
2018-07-16,26.860000610351562,26.540000915527344,26.860000610351562,26.600000381469727,30100.0
2018-07-17,26.700000762939453,26.350000381469727,26.600000381469727,26.360000610351562,64400.0
2018-07-18,26.562000274658203,26.344999313354492,26.3799991607666,26.5,29300.0
2018-07-19,26.531999588012695,26.3799991607666,26.469999313354492,26.459999084472656,18400.0
2018-07-20,26.649999618530273,26.42099952697754,26.549999237060547,26.649999618530273,40500.0
2018-07-23,26.618000030517578,26.459999084472656,26.459999084472656,26.5,12600.0
2018-07-24,26.639999389648438,26.437000274658203,26.530000686645508,26.56999969482422,11700.0
2018-07-25,26.639999389648438,26.469999313354492,26.469999313354492,26.55500030517578,22200.0
2018-07-26,26.59000015258789,26.43000030517578,26.469999313354492,26.43000030517578,18200.0
2018-07-27,26.513999938964844,26.31999969482422,26.459999084472656,26.350000381469727,11500.0
2018-07-30,26.350000381469727,26.149999618530273,26.270000457763672,26.299999237060547,24800.0
2018-07-31,26.40999984741211,26.299999237060547,26.329999923706055,26.40999984741211,16600.0
2018-08-01,26.334999084472656,26.170000076293945,26.290000915527344,26.219999313354492,16900.0
2018-08-02,26.420000076293945,26.20400047302246,26.219999313354492,26.420000076293945,19200.0
2018-08-03,26.43000030517578,26.329999923706055,26.389999389648438,26.43000030517578,17800.0
2018-08-06,26.386999130249023,26.309999465942383,26.34000015258789,26.309999465942383,18600.0
2018-08-07,26.43000030517578,26.239999771118164,26.350000381469727,26.389999389648438,18200.0
2018-08-08,26.37700080871582,26.260000228881836,26.31999969482422,26.299999237060547,20000.0
2018-08-09,26.341999053955078,26.239999771118164,26.239999771118164,26.290000915527344,11300.0
2018-08-10,26.35300064086914,26.15999984741211,26.290000915527344,26.200000762939453,15700.0
2018-08-13,26.309999465942383,26.25,26.309999465942383,26.309999465942383,10100.0
2018-08-14,26.3799991607666,26.25,26.309999465942383,26.25,13800.0
2018-08-15,26.423999786376953,26.25,26.25,26.399999618530273,14500.0
2018-08-16,26.43000030517578,26.299999237060547,26.43000030517578,26.350000381469727,10200.0
2018-08-17,26.43000030517578,26.280000686645508,26.43000030517578,26.329999923706055,15000.0
2018-08-20,26.510000228881836,26.34000015258789,26.399999618530273,26.479999542236328,29100.0
2018-08-21,26.450000762939453,26.34000015258789,26.34000015258789,26.3799991607666,13800.0
2018-08-22,26.420000076293945,26.329999923706055,26.399999618530273,26.3799991607666,20000.0
2018-08-23,26.420000076293945,26.329999923706055,26.329999923706055,26.420000076293945,29900.0
2018-08-24,26.469999313354492,26.299999237060547,26.34000015258789,26.469999313354492,19100.0
2018-08-27,26.459999084472656,26.34000015258789,26.399999618530273,26.34000015258789,14200.0
2018-08-28,26.530000686645508,26.309999465942383,26.34000015258789,26.469999313354492,29800.0
2018-08-29,26.518999099731445,26.350000381469727,26.350000381469727,26.40999984741211,16000.0
2018-08-30,26.459999084472656,26.350000381469727,26.350000381469727,26.40999984741211,13400.0
2018-08-31,26.469999313354492,26.3700008392334,26.3700008392334,26.3700008392334,26100.0
2018-09-04,26.510000228881836,26.239999771118164,26.399999618530273,26.329999923706055,24900.0
2018-09-05,26.420000076293945,26.229999542236328,26.3799991607666,26.309999465942383,26200.0
2018-09-06,26.304000854492188,26.15999984741211,26.25,26.211000442504883,24300.0
2018-09-07,26.209999084472656,26.06999969482422,26.209999084472656,26.149999618530273,28900.0
2018-09-10,26.25,26.069000244140625,26.18000030517578,26.204999923706055,22300.0
2018-09-11,26.270000457763672,26.170000076293945,26.170000076293945,26.170000076293945,18800.0
2018-09-12,26.23900032043457,26.170000076293945,26.190000534057617,26.229999542236328,19300.0
2018-09-13,26.309999465942383,26.170000076293945,26.229999542236328,26.209999084472656,27000.0
2018-09-14,26.270000457763672,26.06999969482422,26.170000076293945,26.270000457763672,35000.0
2018-09-17,26.219999313354492,26.110000610351562,26.200000762939453,26.110000610351562,12200.0
2018-09-18,26.18000030517578,26.09000015258789,26.09000015258789,26.1299991607666,20000.0
2018-09-19,26.149999618530273,26.079999923706055,26.1299991607666,26.09000015258789,24500.0
2018-09-20,26.176000595092773,26.079999923706055,26.079999923706055,26.079999923706055,18000.0
2018-09-21,26.18899917602539,26.049999237060547,26.100000381469727,26.1200008392334,37100.0
2018-09-24,26.149999618530273,26.06999969482422,26.100000381469727,26.100000381469727,22500.0
2018-09-25,26.149999618530273,26.049999237060547,26.059999465942383,26.1200008392334,36500.0
2018-09-26,26.219999313354492,26.059999465942383,26.1200008392334,26.1200008392334,27500.0
2018-09-27,26.170000076293945,26.059999465942383,26.059999465942383,26.1299991607666,33300.0
2018-09-28,25.8700008392334,25.739999771118164,25.829999923706055,25.739999771118164,33700.0
2018-10-01,25.75,25.649999618530273,25.75,25.65999984741211,67800.0
2018-10-02,25.784000396728516,25.6299991607666,25.649999618530273,25.704999923706055,87400.0
2018-10-03,25.739999771118164,25.5,25.65999984741211,25.56999969482422,42300.0
2018-10-04,25.549999237060547,25.3700008392334,25.489999771118164,25.399999618530273,55500.0
2018-10-05,25.459999084472656,25.149999618530273,25.270000457763672,25.299999237060547,37900.0
2018-10-08,25.448999404907227,25.22800064086914,25.299999237060547,25.3799991607666,41000.0
2018-10-09,25.579999923706055,25.280000686645508,25.280000686645508,25.579999923706055,33600.0
2018-10-10,25.5,25.165000915527344,25.399999618530273,25.299999237060547,104500.0
2018-10-11,25.3799991607666,25.049999237060547,25.219999313354492,25.290000915527344,43600.0
2018-10-12,25.43000030517578,25.18000030517578,25.31999969482422,25.239999771118164,38600.0
2018-10-15,25.3799991607666,25.18000030517578,25.3799991607666,25.31999969482422,37200.0
2018-10-16,25.350000381469727,25.160999298095703,25.350000381469727,25.299999237060547,47100.0
2018-10-17,25.329999923706055,25.209999084472656,25.25,25.25,15500.0
2018-10-18,25.354000091552734,25.209999084472656,25.25,25.299999237060547,34300.0
2018-10-19,25.530000686645508,25.219999313354492,25.299999237060547,25.530000686645508,68900.0
2018-10-22,25.5,25.309999465942383,25.399999618530273,25.479999542236328,14700.0
2018-10-23,25.52199935913086,25.270000457763672,25.270000457763672,25.450000762939453,24100.0
2018-10-24,25.520000457763672,25.290000915527344,25.389999389648438,25.459999084472656,33800.0
2018-10-25,25.479999542236328,25.309999465942383,25.459999084472656,25.40999984741211,25500.0
2018-10-26,25.510000228881836,25.309999465942383,25.350000381469727,25.399999618530273,28500.0
2018-10-29,25.709999084472656,25.360000610351562,25.360000610351562,25.709999084472656,18600.0
2018-10-30,25.649999618530273,25.503999710083008,25.56999969482422,25.600000381469727,20200.0
2018-10-31,25.65999984741211,25.5,25.600000381469727,25.65999984741211,19700.0
2018-11-01,25.725000381469727,25.510000228881836,25.510000228881836,25.549999237060547,10700.0
2018-11-02,25.663999557495117,25.549999237060547,25.549999237060547,25.56999969482422,9600.0
2018-11-05,25.68000030517578,25.479999542236328,25.520000457763672,25.68000030517578,26300.0
2018-11-06,25.68000030517578,25.579999923706055,25.579999923706055,25.655000686645508,15900.0
2018-11-07,25.770000457763672,25.600000381469727,25.610000610351562,25.649999618530273,35600.0
2018-11-08,25.819000244140625,25.579999923706055,25.649999618530273,25.719999313354492,20500.0
2018-11-09,25.799999237060547,25.59000015258789,25.6200008392334,25.75,14800.0
